fullName,emailAddress,age,address
Inessa Whicher,iwhicher0@goodreads.com,1,710 Reindahl Place
Lissa Guslon,lguslon1@digg.com,2,9 Vermont Terrace
Westbrooke Deabill,wdeabill2@alibaba.com,3,9 Commercial Center
Rhianon Maidstone,rmaidstone3@bluehost.com,4,569 Elka Way
Rodina Waddy,rwaddy4@upenn.edu,5,73 Maple Alley
Elvyn Malthouse,emalthouse5@lulu.com,6,20733 Michigan Trail
Margot Brigshaw,mbrigshaw6@ebay.co.uk,7,7 Lakewood Gardens Center
Nathaniel Pibworth,npibworth7@cpanel.net,8,9 Nelson Crossing
Bobbye Richards,brichards8@github.com,9,2296 Lillian Street
Danny Lattimore,dlattimore9@domainmarket.com,10,85006 Welch Park
North Whitter,nwhittera@tinypic.com,11,8 Oxford Terrace
Cami Bines,cbinesb@last.fm,12,50058 Thompson Avenue
Dyanne Tunuy,dtunuyc@livejournal.com,13,3 Red Cloud Alley
Simona Cowen,scowend@vimeo.com,14,72 Roxbury Point
Chadd McConway,cmcconwaye@ox.ac.uk,15,58200 Pierstorff Place
Conroy Gueinn,cgueinnf@google.es,16,73 Calypso Place
Sue Sarre,ssarreg@java.com,17,78662 Orin Plaza
Anabel Castanaga,acastanagah@amazon.co.uk,18,9 Norway Maple Point
Orazio Studde,ostuddei@freewebs.com,19,30 Packers Avenue
Rozalie Scolli,rscollij@domainmarket.com,20,47 Rusk Terrace
Egbert Brownsmith,ebrownsmithk@usa.gov,21,05 Sundown Drive
Ermina Waring,ewaringl@tiny.cc,22,41 Kingsford Lane
Mellisent Brimacombe,mbrimacombem@delicious.com,23,808 Bartelt Pass
Brier Vondrach,bvondrachn@miitbeian.gov.cn,24,48 Express Parkway
Burtie Dornin,bdornino@latimes.com,25,97635 Northridge Drive
Tiphanie Golsworthy,tgolsworthyp@people.com.cn,26,6 Crescent Oaks Plaza
Mora O'Glessane,moglessaneq@va.gov,27,557 Buhler Junction
Cornelius McNamara,cmcnamarar@auda.org.au,28,7751 Artisan Junction
Filmer Castagneto,fcastagnetos@pcworld.com,29,7798 Hanover Place
Cazzie Repp,creppt@home.pl,30,29 Spaight Junction
Brynna Gerardeaux,bgerardeauxu@tripod.com,31,640 Moland Junction
Vinny Hazart,vhazartv@apache.org,32,6 Sheridan Lane
Charleen Kirkman,ckirkmanw@columbia.edu,33,8 Loeprich Park
Marieann Adran,madranx@devhub.com,34,30 Haas Center
Ethelred Paten,epateny@netlog.com,35,448 Jay Avenue
Carolyne Doblin,cdoblinz@ehow.com,36,3 Ridgeview Street
Jessamyn Eversley,jeversley10@msu.edu,37,61283 Forest Dale Point
Marsh Hainey,mhainey11@google.es,38,8 Merrick Plaza
Constantia Blaik,cblaik12@ftc.gov,39,8973 Chinook Place
Valli Imeson,vimeson13@yelp.com,40,997 Sherman Place
Sharyl Fehners,sfehners14@army.mil,41,93 Anderson Avenue
Sunny Eacott,seacott15@clickbank.net,42,5 Division Way
Merrel Dinesen,mdinesen16@unblog.fr,43,56 Park Meadow Avenue
Pamella Curr,pcurr17@msu.edu,44,146 Kenwood Point
Marcellus Sotham,msotham18@nature.com,45,4 Ohio Hill
Ethelin Fulstow,efulstow19@harvard.edu,46,2168 Iowa Crossing
Zola Roome,zroome1a@disqus.com,47,68 Haas Drive
Hewe Comberbeach,hcomberbeach1b@yellowpages.com,48,21 Blue Bill Park Center
Merwin Deverock,mdeverock1c@nydailynews.com,49,9 Bluejay Park
Lory Snelling,lsnelling1d@ucoz.ru,50,16944 Pennsylvania Place
Alfy Vallis,avallis1e@nationalgeographic.com,51,71151 Butternut Street
Wallache Knobell,wknobell1f@jigsy.com,52,5323 Clarendon Avenue
Ardelle Warsop,awarsop1g@state.tx.us,53,1129 Judy Way
Becca Reinbeck,breinbeck1h@ezinearticles.com,54,101 Westend Trail
Dani Bentote,dbentote1i@slate.com,55,1176 Bobwhite Junction
Ketty Bartosch,kbartosch1j@shutterfly.com,56,52921 Homewood Crossing
Hamlin Lawdham,hlawdham1k@cmu.edu,57,93 Stone Corner Avenue
Beck Louthe,blouthe1l@biglobe.ne.jp,58,3 Sunfield Alley
Celinka Padson,cpadson1m@fastcompany.com,59,1 Morningstar Court
Vail Ridolfi,vridolfi1n@cnet.com,60,8 Buell Lane
Muhammad Brouwer,mbrouwer1o@wordpress.org,61,66 Logan Junction
Jenifer Balcock,jbalcock1p@shutterfly.com,62,92394 Badeau Lane
Genevieve Eblein,geblein1q@sphinn.com,63,995 Elka Court
Filia Frantzen,ffrantzen1r@disqus.com,64,884 Vera Avenue
Devora Kalkofer,dkalkofer1s@cdc.gov,65,4811 Bashford Drive
Corena Stockport,cstockport1t@ucla.edu,66,52077 Dawn Hill
Gardy Serrier,gserrier1u@newyorker.com,67,3572 Barby Park
Aryn Blench,ablench1v@sciencedaily.com,68,85 Jenna Alley
Kaycee Jenik,kjenik1w@multiply.com,69,860 Clemons Hill
Derk Woodlands,dwoodlands1x@bloomberg.com,70,29392 Grim Avenue
Sibyl Dressel,sdressel1y@printfriendly.com,71,1513 Farragut Terrace
Fredra Bedborough,fbedborough1z@cocolog-nifty.com,72,26840 Continental Parkway
Boycie Bagniuk,bbagniuk20@time.com,73,9 Corry Parkway
Geralda Iacovini,giacovini21@bravesites.com,74,907 Towne Avenue
Westleigh Camelia,wcamelia22@symantec.com,75,18 Caliangt Pass
Orville Hansen,ohansen23@ucoz.com,76,128 Chive Avenue
Concettina Apthorpe,capthorpe24@soundcloud.com,77,5 Pond Court
Kort Paolozzi,kpaolozzi25@discuz.net,78,667 Southridge Street
Flem Cartwight,fcartwight26@trellian.com,79,8571 Gerald Park
Samara Boud,sboud27@shinystat.com,80,28 Transport Crossing
Marieann Donaghy,mdonaghy28@noaa.gov,81,876 Maryland Drive
Laural Hyams,lhyams29@opera.com,82,07039 Clemons Trail
Ferdinande Ilett,filett2a@washingtonpost.com,83,5985 Sycamore Terrace
Raymund Leale,rleale2b@github.io,84,972 Manley Road
Roselia Miguel,rmiguel2c@engadget.com,85,57711 Summer Ridge Plaza
Falkner Edghinn,fedghinn2d@fc2.com,86,34238 Corben Avenue
Arron Spellicy,aspellicy2e@google.com,87,6 Fieldstone Park
Irena Blakelock,iblakelock2f@quantcast.com,88,3235 Forest Court
Henryetta Duchesne,hduchesne2g@fc2.com,89,52 Northview Trail
Arni Eleshenar,aeleshenar2h@tuttocitta.it,90,4 Ridgeway Pass
Kimmie Marciskewski,kmarciskewski2i@discovery.com,91,181 Kinsman Hill
Alene Dowsey,adowsey2j@mtv.com,92,117 Hayes Trail
Anatola Upstone,aupstone2k@ameblo.jp,93,2 Birchwood Center
Judie Trevallion,jtrevallion2l@shop-pro.jp,94,99 Veith Pass
Jeromy Milella,jmilella2m@prlog.org,95,7187 Darwin Lane
Janenna Bacup,jbacup2n@newsvine.com,96,64960 Esch Plaza
Janella Ranvoise,jranvoise2o@diigo.com,97,3 Rutledge Avenue
Vladimir Friedman,vfriedman2p@arstechnica.com,98,7725 Kennedy Court
Luciana Merrgan,lmerrgan2q@scribd.com,99,2 Mesta Circle
Emmeline Hars,ehars2r@bluehost.com,100,756 Straubel Way
Flint Axford,faxford2s@shop-pro.jp,101,9 Pennsylvania Avenue
Elias Cleere,ecleere2t@forbes.com,102,1 Washington Circle
Hagan Schouthede,hschouthede2u@cocolog-nifty.com,103,40137 Trailsway Alley
Fletcher Soal,fsoal2v@discovery.com,104,46 Fairfield Terrace
Brew Vasiljevic,bvasiljevic2w@tmall.com,105,4 Novick Junction
Arleyne Behnen,abehnen2x@typepad.com,106,400 Autumn Leaf Circle
Giselbert Hirjak,ghirjak2y@furl.net,107,83 Twin Pines Avenue
Doria Arnout,darnout2z@myspace.com,108,46 Chinook Junction
Harwell Brocking,hbrocking30@reverbnation.com,109,33 Cottonwood Way
Dinnie Spire,dspire31@oracle.com,110,645 Hovde Terrace
Virgil Wilcott,vwilcott32@tinypic.com,111,980 Sundown Terrace
Siward Ferney,sferney33@ucoz.ru,112,3682 Kings Street
Loralyn Arbuckle,larbuckle34@independent.co.uk,113,758 Waubesa Road
Eleonora Remington,eremington35@storify.com,114,6 Kingsford Court
Ches Wrightam,cwrightam36@vistaprint.com,115,140 Cody Point
Lyndy Greir,lgreir37@bbc.co.uk,116,014 Pierstorff Hill
Gabbie Kittman,gkittman38@army.mil,117,94164 Buhler Terrace
Silvia Petroff,spetroff39@symantec.com,118,7 Bultman Avenue
Kev Worthing,kworthing3a@sciencedaily.com,119,65670 Amoth Terrace
Chloe Pighills,cpighills3b@ocn.ne.jp,120,66666 Straubel Crossing
Ruprecht Robinette,rrobinette3c@odnoklassniki.ru,121,32 Talmadge Parkway
Eberhard Bransby,ebransby3d@boston.com,122,7441 Susan Pass
Mickie Gallard,mgallard3e@house.gov,123,51279 Thompson Terrace
Renado Dimont,rdimont3f@nps.gov,124,7 Towne Lane
Katey Nesby,knesby3g@state.tx.us,125,5786 Mcguire Way
Tan Authers,tauthers3h@ning.com,126,486 Orin Circle
Dov Sinton,dsinton3i@bloglines.com,127,89 Superior Avenue
Renae Callister,rcallister3j@mozilla.org,128,6428 Del Mar Lane
Bobby Boner,bboner3k@exblog.jp,129,0813 Superior Lane
Shae Feldhorn,sfeldhorn3l@flavors.me,130,6 Del Mar Court
Florenza Alwen,falwen3m@ca.gov,131,5000 Utah Way
Ryun Bengal,rbengal3n@berkeley.edu,132,98 Algoma Terrace
Bo Talby,btalby3o@soup.io,133,162 Nelson Drive
Westbrooke Heinz,wheinz3p@opera.com,134,41949 Buell Circle
Carlyn Strut,cstrut3q@tumblr.com,135,084 Johnson Crossing
Shea Maunders,smaunders3r@ustream.tv,136,1 8th Circle
Alfons Figgins,afiggins3s@fda.gov,137,713 Lillian Center
Shelba Sadat,ssadat3t@hostgator.com,138,81663 Canary Way
Alejandrina Hynde,ahynde3u@washington.edu,139,31 Melby Point
Danny Blankley,dblankley3v@discuz.net,140,41897 Pond Court
Ike Asplin,iasplin3w@washingtonpost.com,141,097 Anniversary Plaza
Fonsie Seamons,fseamons3x@bravesites.com,142,66469 Waubesa Avenue
Mylo Gethyn,mgethyn3y@aol.com,143,59918 Sachs Place
Skelly Domenget,sdomenget3z@si.edu,144,506 Graedel Alley
Tremain Toler,ttoler40@stanford.edu,145,1 Graceland Point
Una La Vigne,ula41@unc.edu,146,7825 Elgar Pass
Judas Allix,jallix42@uiuc.edu,147,13 Blaine Center
Tressa Ferreira,tferreira43@tripadvisor.com,148,95 Jay Street
Dionis Kilshaw,dkilshaw44@sphinn.com,149,3163 Boyd Alley
Almeria Ducrow,aducrow45@weather.com,150,6850 Coleman Circle
Ruperto Hargate,rhargate46@mail.ru,151,4257 Anderson Parkway
Zelma Gilffillan,zgilffillan47@github.io,152,54 Huxley Crossing
Yettie Copestake,ycopestake48@umich.edu,153,073 Tennessee Junction
Jacquelin Ashurst,jashurst49@army.mil,154,50725 Buena Vista Trail
Karole Ruegg,kruegg4a@instagram.com,155,2460 Mifflin Park
Iggy Mowsley,imowsley4b@icq.com,156,2657 Amoth Point
Olympe Wallentin,owallentin4c@github.com,157,8 Dunning Drive
Viviyan MacKaig,vmackaig4d@feedburner.com,158,91 International Place
Rachele Buston,rbuston4e@usgs.gov,159,3229 Prairie Rose Trail
Jackie Treven,jtreven4f@nps.gov,160,8 John Wall Drive
Blakeley Acreman,bacreman4g@nationalgeographic.com,161,878 Fairview Junction
Sidnee Bolstridge,sbolstridge4h@weather.com,162,88069 Erie Drive
Aurie Endersby,aendersby4i@ycombinator.com,163,78184 Katie Way
Rodger Antonchik,rantonchik4j@prnewswire.com,164,86317 Harbort Place
Maia Feathersby,mfeathersby4k@tinyurl.com,165,17 American Way
Morgan Gilardi,mgilardi4l@parallels.com,166,4 Marquette Point
Adamo Takos,atakos4m@bloglines.com,167,1 Banding Place
Weider Testin,wtestin4n@illinois.edu,168,8703 Burrows Court
Duffy Boys,dboys4o@sitemeter.com,169,65 Esch Road
Wendall Gater,wgater4p@instagram.com,170,8 Dawn Terrace
Tobiah Konneke,tkonneke4q@naver.com,171,3406 Blackbird Trail
Reginald Pancoast,rpancoast4r@scribd.com,172,63 Clove Court
Bonnee Pulman,bpulman4s@free.fr,173,64 Chive Point
Waverly Ferryman,wferryman4t@php.net,174,541 Kim Terrace
Isis Junes,ijunes4u@salon.com,175,51150 Carioca Lane
Lucas Tomley,ltomley4v@booking.com,176,728 Service Street
Torr Dadson,tdadson4w@nih.gov,177,0906 East Parkway
Noe Breslin,nbreslin4x@timesonline.co.uk,178,35395 Hazelcrest Lane
Saundra Betteney,sbetteney4y@ow.ly,179,2 Walton Terrace
Georgi Bridgnell,gbridgnell4z@qq.com,180,15 Cascade Trail
Pernell Thynne,pthynne50@sciencedirect.com,181,0 Moland Drive
Cariotta Dalloway,cdalloway51@dell.com,182,011 Westport Pass
Haleigh Francescozzi,hfrancescozzi52@thetimes.co.uk,183,24496 Lerdahl Circle
Paulie Medlar,pmedlar53@usnews.com,184,2 Ruskin Center
Sarita Leathwood,sleathwood54@blogspot.com,185,43169 Chinook Hill
Winslow Manvelle,wmanvelle55@google.com.au,186,1 Raven Lane
Bonita Berford,bberford56@bluehost.com,187,69 Northland Hill
Jeniece Tilte,jtilte57@businessinsider.com,188,3 Gale Trail
Aimee Aggett,aaggett58@wikispaces.com,189,9720 Sunfield Hill
Royce Snadden,rsnadden59@salon.com,190,69645 Elka Way
Ancell Pawlaczyk,apawlaczyk5a@cornell.edu,191,386 2nd Pass
Ainslie Oppy,aoppy5b@hhs.gov,192,3 Delladonna Avenue
Brinna Carbine,bcarbine5c@desdev.cn,193,39148 Oriole Alley
Kelsy Mower,kmower5d@xinhuanet.com,194,4 Logan Drive
Adair Elphee,aelphee5e@ebay.co.uk,195,914 Barnett Road
Harmon Vosper,hvosper5f@ftc.gov,196,4 Northfield Parkway
Sly Lebreton,slebreton5g@spiegel.de,197,31441 Rigney Crossing
Jade Fyndon,jfyndon5h@shop-pro.jp,198,5 Hoepker Parkway
Lannie Connelly,lconnelly5i@oracle.com,199,10 David Park
Mikael Ceschi,mceschi5j@purevolume.com,200,8 Vahlen Drive
Rozelle Kittow,rkittow5k@wunderground.com,201,08 Arapahoe Crossing
Arvy Hursey,ahursey5l@nsw.gov.au,202,69633 Prairieview Drive
Karoline Stolberg,kstolberg5m@earthlink.net,203,08990 Dennis Circle
Kamillah Mariner,kmariner5n@oakley.com,204,50221 Sherman Crossing
Ammamaria Moorman,amoorman5o@redcross.org,205,3 Tennessee Lane
Dolley Antat,dantat5p@ucoz.ru,206,78881 Ronald Regan Lane
Talyah Tooth,ttooth5q@thetimes.co.uk,207,8 Monica Lane
Emmalee Vernham,evernham5r@zdnet.com,208,733 Mariners Cove Terrace
Annice Stading,astading5s@tmall.com,209,8 Continental Alley
Melisenda Dron,mdron5t@hubpages.com,210,12882 Mallard Circle
Maddi Vollam,mvollam5u@tinyurl.com,211,1 Shopko Lane
Wash Housegoe,whousegoe5v@businessinsider.com,212,784 Little Fleur Parkway
Reilly Lowle,rlowle5w@nifty.com,213,3 Dunning Lane
Courtnay Le Cornu,cle5x@apache.org,214,7 Esch Pass
Nathanael Vales,nvales5y@typepad.com,215,7 Jana Lane
Costa Towson,ctowson5z@mtv.com,216,967 Kipling Lane
Lauretta Lunck,llunck60@vinaora.com,217,02 Twin Pines Hill
Lodovico Tassaker,ltassaker61@w3.org,218,1 Namekagon Drive
Derick Kennady,dkennady62@quantcast.com,219,43 Drewry Parkway
Vick Pina,vpina63@cpanel.net,220,23 Judy Place
Traver Chominski,tchominski64@independent.co.uk,221,145 Randy Plaza
Joanna DelaField,jdelafield65@sun.com,222,090 Jana Center
Godart Bourne,gbourne66@usgs.gov,223,45830 Ridgeview Junction
Gena Kitteringham,gkitteringham67@google.com.hk,224,343 Express Street
Clementina Dawson,cdawson68@loc.gov,225,7698 Fairview Street
Gareth Golson,ggolson69@home.pl,226,1797 Loftsgordon Parkway
Aland Balderstone,abalderstone6a@imdb.com,227,6 Lighthouse Bay Pass
Bobbe Voules,bvoules6b@goo.gl,228,15192 Brickson Park Street
Ashley Aymer,aaymer6c@sakura.ne.jp,229,84 Susan Center
Munmro Lander,mlander6d@symantec.com,230,76 Granby Park
Fanny Sallowaye,fsallowaye6e@theatlantic.com,231,5 School Drive
Gauthier Waith,gwaith6f@telegraph.co.uk,232,73553 Dovetail Point
Raymund Di Roberto,rdi6g@baidu.com,233,7788 Stoughton Center
Ailsun Roiz,aroiz6h@umich.edu,234,39 Cardinal Terrace
Currey Jiruca,cjiruca6i@bluehost.com,235,6 Bowman Place
Barret Kleyn,bkleyn6j@discuz.net,236,0 7th Crossing
Demeter Scurlock,dscurlock6k@wiley.com,237,70 Kennedy Plaza
Jules Rodson,jrodson6l@nature.com,238,53 Mitchell Hill
Catlaina Escale,cescale6m@google.co.jp,239,78 Sunfield Road
Judith Chedzoy,jchedzoy6n@homestead.com,240,69371 Eliot Place
Turner Breede,tbreede6o@businessinsider.com,241,2 Transport Road
Friedrich Southernwood,fsouthernwood6p@si.edu,242,14429 Logan Drive
Sandye Griss,sgriss6q@rediff.com,243,2707 Annamark Crossing
Daryle Bittlestone,dbittlestone6r@xinhuanet.com,244,8 Spaight Parkway
Joyous Coddrington,jcoddrington6s@theatlantic.com,245,68307 Northland Road
Kelvin Ruoss,kruoss6t@angelfire.com,246,62 Barby Drive
Hendrik Ellingworth,hellingworth6u@instagram.com,247,257 Meadow Vale Street
Cordie Blueman,cblueman6v@npr.org,248,7 Red Cloud Circle
Jannelle Antley,jantley6w@chron.com,249,55 Ridge Oak Junction
Eda Mosen,emosen6x@360.cn,250,8 Lotheville Center
Bax Paunton,bpaunton6y@vimeo.com,251,44575 Brickson Park Lane
Davy Shorter,dshorter6z@fc2.com,252,654 Onsgard Street
Jolie Saffer,jsaffer70@artisteer.com,253,30540 Butterfield Lane
Nananne Jennrich,njennrich71@tripod.com,254,15536 Service Road
Clementius Kibard,ckibard72@ft.com,255,5230 Independence Hill
Ky Corlett,kcorlett73@usda.gov,256,8383 Onsgard Trail
Brittany Squibbes,bsquibbes74@cnet.com,257,4060 Reindahl Center
Dorie Gunter,dgunter75@dailymail.co.uk,258,4617 Marcy Place
Innis Cattermole,icattermole76@miibeian.gov.cn,259,0127 Cascade Center
Hamlin Meece,hmeece77@geocities.jp,260,9 Wayridge Trail
Ricki Robertot,rrobertot78@upenn.edu,261,06 Jana Lane
Catherin McIvor,cmcivor79@aboutads.info,262,2 Schurz Park
Westbrook Vedmore,wvedmore7a@prlog.org,263,471 Ronald Regan Junction
Elenore Muscroft,emuscroft7b@printfriendly.com,264,83 Kensington Center
Kandace Jimes,kjimes7c@webs.com,265,22980 Maple Wood Road
Joannes Lynds,jlynds7d@cbslocal.com,266,2921 Schurz Circle
Toiboid Syson,tsyson7e@yahoo.co.jp,267,6 Eggendart Drive
Booth Allman,ballman7f@dailymotion.com,268,8 Bowman Pass
Cesya Whorlton,cwhorlton7g@marriott.com,269,4471 Mayer Trail
Hercule Pinkstone,hpinkstone7h@networkadvertising.org,270,91820 Derek Parkway
Pierrette Glaze,pglaze7i@time.com,271,49848 Annamark Parkway
Terry Flatte,tflatte7j@slideshare.net,272,698 Pine View Place
Arlene Catherine,acatherine7k@miibeian.gov.cn,273,40510 Claremont Park
Bernadette Sleford,bsleford7l@usnews.com,274,8492 Autumn Leaf Pass
Cinderella Birckmann,cbirckmann7m@multiply.com,275,99341 Evergreen Circle
Oona Snead,osnead7n@wix.com,276,7874 Dawn Place
Laurie Fitzjohn,lfitzjohn7o@amazon.com,277,25 Anhalt Parkway
Ron Cancellario,rcancellario7p@marketwatch.com,278,92392 Forest Run Avenue
Florencia Olman,folman7q@ycombinator.com,279,4323 Red Cloud Lane
Jacquenetta Jamme,jjamme7r@google.ru,280,2 Macpherson Place
Troy Jenking,tjenking7s@jugem.jp,281,942 Mallard Terrace
Fremont Acum,facum7t@liveinternet.ru,282,94629 Donald Way
Karim Woolland,kwoolland7u@cafepress.com,283,37530 Melrose Lane
Stuart Wrightem,swrightem7v@si.edu,284,31 High Crossing Crossing
Tisha Ashley,tashley7w@4shared.com,285,66 Riverside Court
Terri Preist,tpreist7x@dedecms.com,286,268 Canary Lane
Hortensia Garley,hgarley7y@123-reg.co.uk,287,862 Grayhawk Parkway
Walsh Goskar,wgoskar7z@diigo.com,288,53326 Iowa Avenue
Jabez Hammett,jhammett80@hao123.com,289,830 Hollow Ridge Hill
Claire Siviour,csiviour81@cnet.com,290,41 Homewood Pass
Vanessa Murcutt,vmurcutt82@vk.com,291,086 West Way
Chere Thackston,cthackston83@netvibes.com,292,1 Valley Edge Point
Glenn Rendall,grendall84@dmoz.org,293,3149 Melody Point
Mora Mathon,mmathon85@trellian.com,294,3143 Kinsman Road
Hope Bleyman,hbleyman86@ovh.net,295,855 Rowland Parkway
Davidde Gerrens,dgerrens87@infoseek.co.jp,296,99935 Jenna Drive
Marc Quilter,mquilter88@seesaa.net,297,02 Merchant Center
Sherlock Marshallsay,smarshallsay89@sphinn.com,298,6026 Redwing Plaza
Kristin Conlon,kconlon8a@blogs.com,299,529 Kingsford Terrace
Sophie Abells,sabells8b@si.edu,300,5 Riverside Plaza
Nero De Cleen,nde8c@yahoo.com,301,423 Onsgard Plaza
Lacee Alton,lalton8d@github.io,302,41 Anderson Circle
Kathye Mellmer,kmellmer8e@multiply.com,303,96498 Summit Road
Hyacinth Goodsir,hgoodsir8f@deliciousdays.com,304,74 Veith Park
Glynnis Pawelek,gpawelek8g@rakuten.co.jp,305,10908 Bunker Hill Avenue
Honoria Pickance,hpickance8h@bravesites.com,306,5 Springs Center
Hurleigh Symson,hsymson8i@vk.com,307,018 Sherman Terrace
Euphemia Espadate,eespadate8j@canalblog.com,308,26 Shelley Drive
Valaria Moreton,vmoreton8k@si.edu,309,73 Montana Junction
Donni Langham,dlangham8l@boston.com,310,463 Browning Circle
Tom Scown,tscown8m@myspace.com,311,36995 Tennessee Point
Dalt Thebeaud,dthebeaud8n@yellowpages.com,312,8022 Lukken Center
Caye Stoaks,cstoaks8o@va.gov,313,4757 Mcguire Drive
Paxton Bagge,pbagge8p@umich.edu,314,25923 Badeau Crossing
Eugenius Hatcher,ehatcher8q@yolasite.com,315,95 Cardinal Parkway
Jeanie Armstrong,jarmstrong8r@arizona.edu,316,0 Mendota Center
Leigha McLoughlin,lmcloughlin8s@pbs.org,317,2222 Columbus Terrace
Florina Elvins,felvins8t@house.gov,318,118 Karstens Trail
Chelsy Favey,cfavey8u@devhub.com,319,957 Meadow Ridge Crossing
Parsifal Osmint,posmint8v@usa.gov,320,92294 Blaine Road
Glyn Filintsev,gfilintsev8w@networksolutions.com,321,2255 Rutledge Street
Conant Gillcrist,cgillcrist8x@cafepress.com,322,94862 Brentwood Trail
Arleen Todarini,atodarini8y@harvard.edu,323,330 Rowland Lane
Vannie Munday,vmunday8z@thetimes.co.uk,324,2639 Dayton Alley
Vita Barlace,vbarlace90@dot.gov,325,506 Lighthouse Bay Park
Kristan Brimmell,kbrimmell91@ask.com,326,34026 Mosinee Pass
Melosa Rove,mrove92@auda.org.au,327,613 Maple Drive
Celestina Heinlein,cheinlein93@nydailynews.com,328,2 Spohn Alley
Pattie Skillett,pskillett94@drupal.org,329,59439 Bobwhite Point
Charin Webster,cwebster95@blinklist.com,330,48 Loeprich Junction
Judd Luno,jluno96@seattletimes.com,331,54 Blackbird Pass
Douglas Rapp,drapp97@prweb.com,332,5933 Fallview Hill
Kelby Caple,kcaple98@ucoz.ru,333,9 East Road
Jeramey Denyukhin,jdenyukhin99@shareasale.com,334,0086 Arizona Circle
Adriane Budgey,abudgey9a@live.com,335,90 Barnett Junction
Rafe Sawter,rsawter9b@php.net,336,7 Canary Circle
Stevena Abazi,sabazi9c@photobucket.com,337,37 Shelley Lane
Brendon Schnitter,bschnitter9d@nymag.com,338,41 Carioca Alley
Theodore Turbill,tturbill9e@wired.com,339,91 Columbus Alley
Bobbe Welfair,bwelfair9f@cmu.edu,340,59 Grim Center
Tedda Pomroy,tpomroy9g@google.com.br,341,4 Oneill Street
Kaylil Staveley,kstaveley9h@fda.gov,342,67486 Hovde Pass
Sasha Rose,srose9i@rambler.ru,343,42 Bay Way
Leoine Barmby,lbarmby9j@ucsd.edu,344,5 Schurz Point
Corette Claibourn,cclaibourn9k@mayoclinic.com,345,202 Waubesa Drive
Brittaney Helks,bhelks9l@vimeo.com,346,81108 Esch Trail
Gisella Doige,gdoige9m@nytimes.com,347,3 Forster Drive
Gladi Youdell,gyoudell9n@devhub.com,348,0 1st Plaza
Alia Hastie,ahastie9o@slashdot.org,349,3110 Bunting Alley
Alwin Swedeland,aswedeland9p@nps.gov,350,7 Arapahoe Alley
Anna-diana Wingham,awingham9q@networksolutions.com,351,372 Gateway Junction
Lynnett Stronough,lstronough9r@cam.ac.uk,352,5 Center Pass
Janis Grishelyov,jgrishelyov9s@cam.ac.uk,353,42001 Golden Leaf Plaza
Camel Donneely,cdonneely9t@simplemachines.org,354,09500 Crest Line Trail
Kerri Reskelly,kreskelly9u@discuz.net,355,12 Old Gate Trail
Gram Portt,gportt9v@webeden.co.uk,356,38989 Michigan Place
Jena Dymock,jdymock9w@webs.com,357,24130 Granby Center
Andy Hoggins,ahoggins9x@cdbaby.com,358,53 Swallow Road
Charla Cicerone,ccicerone9y@dropbox.com,359,74559 Prentice Hill
Bee Victoria,bvictoria9z@sourceforge.net,360,842 Ludington Street
Luis Truelock,ltruelocka0@usnews.com,361,1635 Beilfuss Street
Orren Lasseter,olassetera1@cmu.edu,362,05443 Northwestern Court
Massimo Brakewell,mbrakewella2@boston.com,363,64511 Paget Pass
Crissy Wain,cwaina3@com.com,364,1271 Golf Course Center
Sayre Piddletown,spiddletowna4@nationalgeographic.com,365,111 Toban Trail
Shannan Edlyne,sedlynea5@unc.edu,366,74619 Larry Trail
Douglas Craddock,dcraddocka6@indiatimes.com,367,995 Fordem Way
Bertie Demann,bdemanna7@senate.gov,368,17 Crownhardt Trail
Kiah Bratcher,kbratchera8@macromedia.com,369,5 Springs Center
Paula Pankethman,ppankethmana9@themeforest.net,370,52716 Mockingbird Trail
Catrina Croke,ccrokeaa@soundcloud.com,371,15 Mcbride Court
Teddie Blaxley,tblaxleyab@sciencedaily.com,372,5715 Kennedy Crossing
Goddart Denyakin,gdenyakinac@prlog.org,373,8112 Rigney Lane
Percival Mc Curlye,pmcad@is.gd,374,86 Butterfield Center
Leoine Stede,lstedeae@istockphoto.com,375,498 Bultman Lane
Toby Fleis,tfleisaf@narod.ru,376,7001 Packers Crossing
Darell Cordingly,dcordinglyag@mayoclinic.com,377,043 Loftsgordon Junction
Elysha Zywicki,ezywickiah@rakuten.co.jp,378,68485 Hoffman Court
Gratiana McNally,gmcnallyai@tripadvisor.com,379,0488 Clarendon Alley
Magdaia Rowet,mrowetaj@cmu.edu,380,47245 Talisman Drive
Zondra Griffen,zgriffenak@alibaba.com,381,01 Ruskin Avenue
Othelia Mariault,omariaultal@opensource.org,382,9614 Buhler Court
Dicky Bartke,dbartkeam@sina.com.cn,383,72 Express Circle
Sophronia Danihelka,sdanihelkaan@omniture.com,384,01233 Sunfield Street
Cristin Risborough,crisboroughao@wunderground.com,385,144 Prentice Place
Lynnet Muehler,lmuehlerap@globo.com,386,1 Sachtjen Park
Gideon Daveley,gdaveleyaq@dion.ne.jp,387,1 Delladonna Avenue
Teressa Marquiss,tmarquissar@bbc.co.uk,388,4823 Dawn Terrace
Aimee Heinzler,aheinzleras@dedecms.com,389,5 Stoughton Avenue
Winifred Shailer,wshailerat@google.com.br,390,60170 Loomis Plaza
Sammie Victoria,svictoriaau@cdbaby.com,391,898 Brentwood Terrace
Sena Kurth,skurthav@hud.gov,392,14 Bluejay Place
Stevena Tumayan,stumayanaw@biglobe.ne.jp,393,481 Fair Oaks Avenue
Zachary Dradey,zdradeyax@independent.co.uk,394,0 Melby Drive
Mannie Huncoot,mhuncootay@virginia.edu,395,271 Burrows Court
Obadiah Plumbley,oplumbleyaz@amazon.co.jp,396,17 Jay Plaza
Eleni Pumfrett,epumfrettb0@timesonline.co.uk,397,600 Main Hill
Frederica Coltherd,fcoltherdb1@msu.edu,398,29 Vera Place
Marlon Flye,mflyeb2@php.net,399,8041 Rockefeller Circle
Melosa Aronin,maroninb3@merriam-webster.com,400,7896 Tennessee Court
Abel Smetoun,asmetounb4@miitbeian.gov.cn,401,7 Hagan Street
Dianna Cockling,dcocklingb5@usnews.com,402,0736 Ludington Place
Broddie Huxtable,bhuxtableb6@tripadvisor.com,403,65 Sunnyside Place
Carr Emes,cemesb7@cpanel.net,404,13867 Vernon Place
Consalve Peye,cpeyeb8@wikipedia.org,405,3404 Kenwood Point
Quentin Worledge,qworledgeb9@blogs.com,406,37104 Glacier Hill Center
Ali Barnewall,abarnewallba@cyberchimps.com,407,43566 Delaware Alley
Grata Monkhouse,gmonkhousebb@berkeley.edu,408,86614 Armistice Terrace
Harcourt Gingell,hgingellbc@sina.com.cn,409,69278 Armistice Street
Burlie Koomar,bkoomarbd@xing.com,410,84 Blackbird Drive
Chance Rodriguez,crodriguezbe@cbsnews.com,411,782 Hovde Park
Leena Spall,lspallbf@statcounter.com,412,34 Northridge Drive
Malvina Challener,mchallenerbg@list-manage.com,413,4608 Oxford Lane
Margy Davisson,mdavissonbh@youku.com,414,8 Warrior Point
Celle Mastrantone,cmastrantonebi@indiatimes.com,415,942 Del Mar Crossing
Clarey Windus,cwindusbj@house.gov,416,3 Macpherson Court
Roshelle Birrel,rbirrelbk@list-manage.com,417,7 Surrey Street
Dorie Skillen,dskillenbl@mapquest.com,418,447 Lukken Alley
Paulie Whordley,pwhordleybm@list-manage.com,419,50 Blaine Circle
Beatrice Scroxton,bscroxtonbn@angelfire.com,420,709 Crest Line Park
Ashla Father,afatherbo@who.int,421,08177 Namekagon Road
Wilone Maillard,wmaillardbp@ifeng.com,422,14768 Nevada Terrace
Jameson Bowick,jbowickbq@discuz.net,423,6 Fairview Junction
Analise Poulglais,apoulglaisbr@google.es,424,38531 Manufacturers Crossing
Cyrillus Lampet,clampetbs@csmonitor.com,425,3 Tony Alley
Licha Dancer,ldancerbt@buzzfeed.com,426,7773 Trailsway Lane
Lemar Flipek,lflipekbu@t.co,427,40 Londonderry Alley
Guillermo Bern,gbernbv@telegraph.co.uk,428,184 Steensland Court
Shelly Stiegers,sstiegersbw@addtoany.com,429,29818 Meadow Vale Alley
Nata Jedrych,njedrychbx@cbslocal.com,430,20 Cambridge Avenue
Osbourn Garford,ogarfordby@bloomberg.com,431,2062 Hoffman Way
Kylie Collingworth,kcollingworthbz@tmall.com,432,49453 Gulseth Place
Martelle Pharaoh,mpharaohc0@nytimes.com,433,34612 Banding Alley
Gran Membry,gmembryc1@unc.edu,434,954 Golden Leaf Place
Corbett Eliesco,celiescoc2@hc360.com,435,15 Autumn Leaf Trail
Dare Frear,dfrearc3@google.pl,436,1757 Atwood Avenue
Ruthy O'Corrane,rocorranec4@facebook.com,437,6 Vahlen Park
Michail Seabrook,mseabrookc5@newsvine.com,438,4774 Prentice Junction
Nolana Andrez,nandrezc6@lycos.com,439,5075 Longview Point
Gwynne Fargher,gfargherc7@discovery.com,440,37 Spohn Court
Mavra Jelleman,mjellemanc8@shop-pro.jp,441,064 Sycamore Hill
Jamima Poinsett,jpoinsettc9@imdb.com,442,81637 Emmet Court
Hadrian Crumpe,hcrumpeca@yolasite.com,443,4 Erie Pass
Jocelyn Maureen,jmaureencb@skype.com,444,09 Anniversary Center
Miguel Gertz,mgertzcc@wordpress.org,445,82587 Logan Parkway
Madelyn McReedy,mmcreedycd@toplist.cz,446,4 Heath Place
Ulysses Geharke,ugeharkece@lycos.com,447,036 Kipling Junction
Jacki Borrell,jborrellcf@reverbnation.com,448,25 Prairieview Avenue
Marcos Kamenar,mkamenarcg@ezinearticles.com,449,9 Sullivan Way
Cale Darrigone,cdarrigonech@icq.com,450,48 Rigney Drive
Patsy Allot,pallotci@last.fm,451,7 Logan Court
Janis de Najera,jdecj@google.ru,452,2 Surrey Trail
Raffarty Panchen,rpanchenck@army.mil,453,3 Bowman Lane
Sarita Drane,sdranecl@boston.com,454,884 Mallory Trail
Celestine Lemerle,clemerlecm@nbcnews.com,455,90 Westridge Center
Bettine MacSkeaghan,bmacskeaghancn@yahoo.co.jp,456,3240 Heffernan Trail
Bella Schimpke,bschimpkeco@jigsy.com,457,98487 Del Mar Street
Jerrold Quinnet,jquinnetcp@etsy.com,458,55837 Ruskin Center
Schuyler Boc,sboccq@lycos.com,459,1 Service Center
Maryanne Edmund,medmundcr@facebook.com,460,728 Hallows Lane
Alexis Minogue,aminoguecs@biblegateway.com,461,3016 Spohn Parkway
Rayna Rooney,rrooneyct@icio.us,462,1933 Magdeline Lane
Kalie Borgne,kborgnecu@over-blog.com,463,145 Fulton Junction
Colman Heditch,cheditchcv@cdbaby.com,464,175 Sutherland Crossing
Bettine Deboo,bdeboocw@lycos.com,465,1150 3rd Alley
Nadia Apedaile,napedailecx@yahoo.com,466,3607 North Parkway
Ardith Gurrado,agurradocy@networksolutions.com,467,5618 Elmside Court
Lydie Britcher,lbritchercz@businessinsider.com,468,11 Crescent Oaks Park
Easter Wickey,ewickeyd0@instagram.com,469,162 Scofield Place
Joice Faircley,jfaircleyd1@ifeng.com,470,7 Merry Drive
Udale Tunney,utunneyd2@oakley.com,471,478 Debs Place
Sheila Summerly,ssummerlyd3@unc.edu,472,78 Hazelcrest Circle
Barb Pagden,bpagdend4@icq.com,473,0851 Briar Crest Street
Jedidiah Bodicam,jbodicamd5@wsj.com,474,38062 Reinke Court
Cecilia Roydon,croydond6@wikipedia.org,475,07634 Pierstorff Way
Jodi Paulin,jpaulind7@amazon.com,476,70 Basil Road
Pascal Bollands,pbollandsd8@miitbeian.gov.cn,477,56031 Kim Terrace
Lacie Theodoris,ltheodorisd9@miibeian.gov.cn,478,26 Anthes Park
Roberto Corneille,rcorneilleda@nymag.com,479,5 Longview Street
Siana Costain,scostaindb@naver.com,480,3 Schiller Avenue
Esmeralda Seeviour,eseeviourdc@accuweather.com,481,14 Kim Avenue
Evy Kubalek,ekubalekdd@who.int,482,82 Beilfuss Street
Clementius McKendo,cmckendode@theguardian.com,483,8 Artisan Court
Stanton Souley,ssouleydf@wufoo.com,484,89747 Waywood Junction
Serene Busch,sbuschdg@hud.gov,485,4336 Mosinee Avenue
Archy Hofner,ahofnerdh@themeforest.net,486,86986 Mcguire Plaza
Sutton Cornels,scornelsdi@phoca.cz,487,49245 Pine View Place
Whit Scanlin,wscanlindj@comcast.net,488,113 Redwing Terrace
Mira Janicijevic,mjanicijevicdk@icio.us,489,32143 Miller Court
Myra Tichner,mtichnerdl@flickr.com,490,1 Sullivan Way
Neel Annon,nannondm@gmpg.org,491,2931 Duke Junction
Zea Valeri,zvaleridn@tripod.com,492,0688 Darwin Center
Broderick Butfield,bbutfielddo@dailymotion.com,493,2707 Monica Hill
Dannel Dirkin,ddirkindp@surveymonkey.com,494,67 Waywood Center
Perice Crigin,pcrigindq@mashable.com,495,160 Mcbride Park
Craig Shrubb,cshrubbdr@wordpress.com,496,26499 Carpenter Hill
Muriel Parsonson,mparsonsonds@nifty.com,497,4133 Talmadge Parkway
Caitrin Reinbach,creinbachdt@printfriendly.com,498,52 Golden Leaf Junction
Tybalt Bettenson,tbettensondu@4shared.com,499,6 Pleasure Trail
Chandler Oakenfield,coakenfielddv@google.de,500,22513 Maywood Plaza
Amelie Opdenort,aopdenortdw@com.com,501,14 Drewry Parkway
Gertruda Crooke,gcrookedx@tuttocitta.it,502,82916 Union Way
Randene Reid,rreiddy@hubpages.com,503,903 Oriole Trail
Crysta Gilliard,cgilliarddz@ca.gov,504,00634 Shasta Street
Corabella Scaife,cscaifee0@ucsd.edu,505,2225 Utah Junction
Rudie McNamee,rmcnameee1@intel.com,506,01104 Muir Trail
Veronica Robbe,vrobbee2@cdbaby.com,507,9144 Bayside Lane
Randell Vaillant,rvaillante3@cam.ac.uk,508,215 8th Hill
Damian Perrottet,dperrottete4@youku.com,509,30345 Longview Plaza
Callie Stanistreet,cstanistreete5@biblegateway.com,510,501 Knutson Way
Arlene Jasik,ajasike6@livejournal.com,511,4 Old Shore Lane
Cordula Grigore,cgrigoree7@theglobeandmail.com,512,54 Towne Plaza
Joey Sapsford,jsapsforde8@cdc.gov,513,8 South Trail
Genevieve Debrick,gdebricke9@ehow.com,514,39 Crescent Oaks Circle
April Clearley,aclearleyea@google.com.br,515,9 Brickson Park Drive
Alexandros Mousdall,amousdalleb@craigslist.org,516,85907 Bultman Park
Romonda Skivington,rskivingtonec@globo.com,517,6 Bunker Hill Court
Leland Innis,linnised@prweb.com,518,04 Portage Point
Bartolemo Ciotti,bciottiee@skyrock.com,519,487 Monument Way
Bobbee Faragher,bfaragheref@auda.org.au,520,5 Vermont Way
Dyanna Scarse,dscarseeg@shutterfly.com,521,70135 Norway Maple Trail
Muriel Kimberley,mkimberleyeh@goo.ne.jp,522,8555 Muir Junction
Moshe Reiglar,mreiglarei@census.gov,523,1 Calypso Road
Boniface Beckwith,bbeckwithej@e-recht24.de,524,78 Anthes Place
Ralph Mosey,rmoseyek@a8.net,525,33153 Meadow Valley Park
Sammy Gontier,sgontierel@t-online.de,526,2 Old Gate Alley
Goddard Overton,govertonem@free.fr,527,319 Charing Cross Way
Baillie Bolino,bbolinoen@fda.gov,528,5 Spaight Center
Kenyon Douse,kdouseeo@webs.com,529,6888 Canary Point
Ebonee Piper,epiperep@wikispaces.com,530,281 Starling Plaza
Juieta McGurn,jmcgurneq@elpais.com,531,80 Johnson Way
Rogerio Klouz,rklouzer@lycos.com,532,34 Hayes Plaza
Ailyn Biagioni,abiagionies@nps.gov,533,5 Mallard Trail
Garth Jentin,gjentinet@angelfire.com,534,59276 Burning Wood Point
Reena Zuenelli,rzuenellieu@newsvine.com,535,373 Michigan Pass
Ashbey Bromhead,abromheadev@google.cn,536,22 Bluestem Alley
Dario Wrotham,dwrothamew@hostgator.com,537,50467 Lakewood Gardens Place
Layney Griffe,lgriffeex@foxnews.com,538,1 Eggendart Terrace
Giff Fullstone,gfullstoneey@washingtonpost.com,539,4927 Mandrake Court
Davine Bessent,dbessentez@smugmug.com,540,0303 Northview Place
Mandie Loffill,mloffillf0@bing.com,541,5 Aberg Drive
Enrique Diament,ediamentf1@xrea.com,542,758 Golf View Street
Johnathan Littleton,jlittletonf2@tiny.cc,543,5797 7th Lane
Doll Skrines,dskrinesf3@mtv.com,544,23 Golden Leaf Junction
Jermaine Swin,jswinf4@icio.us,545,2 Sage Road
Powell Jeyes,pjeyesf5@biblegateway.com,546,770 Manley Crossing
Marjory Rappoport,mrappoportf6@spotify.com,547,19432 Leroy Hill
Jeannine Haukey,jhaukeyf7@redcross.org,548,0586 Main Trail
Vaughn Newburn,vnewburnf8@spiegel.de,549,9 Ryan Plaza
Maurizio Hatry,mhatryf9@nature.com,550,0937 Iowa Lane
Andras Hamer,ahamerfa@wikia.com,551,7259 Goodland Crossing
Moria Lidgate,mlidgatefb@altervista.org,552,0 Stang Trail
Sarette Stearndale,sstearndalefc@prweb.com,553,14 Maryland Junction
Gabbie Westfalen,gwestfalenfd@1688.com,554,29184 Cambridge Terrace
Colette Kilday,ckildayfe@bloglines.com,555,57858 Oneill Circle
Sinclair Scard,sscardff@twitter.com,556,7 Valley Edge Road
Jermayne Dukesbury,jdukesburyfg@paginegialle.it,557,7 Tennessee Point
Carla Whiley,cwhileyfh@wikimedia.org,558,648 Gulseth Junction
Lindsay Dottrell,ldottrellfi@github.com,559,6631 Reindahl Trail
Shanta Schiell,sschiellfj@slideshare.net,560,9767 8th Hill
Farleigh Kenward,fkenwardfk@topsy.com,561,47 Northwestern Street
Marcie Colquete,mcolquetefl@oracle.com,562,12 Sommers Street
Corine Mandrey,cmandreyfm@mit.edu,563,726 Dahle Plaza
Dominique Oxtarby,doxtarbyfn@goo.ne.jp,564,3 Sundown Junction
Leanor Brooksbie,lbrooksbiefo@theglobeandmail.com,565,71 Lerdahl Park
Lynna Savin,lsavinfp@nature.com,566,7 Florence Circle
Lissa Karby,lkarbyfq@delicious.com,567,28 Del Sol Park
Annette Pragnell,apragnellfr@howstuffworks.com,568,706 Veith Alley
Durward McGinnell,dmcginnellfs@de.vu,569,95 Parkside Court
Cortie Albrook,calbrookft@redcross.org,570,6 Forest Dale Place
Grazia Stracey,gstraceyfu@people.com.cn,571,97954 Becker Center
Errol Toone,etoonefv@free.fr,572,001 Sherman Pass
Trip Mullis,tmullisfw@photobucket.com,573,83 Graceland Street
Maisey Pulster,mpulsterfx@bbc.co.uk,574,77868 Clemons Plaza
Geoff Pietzke,gpietzkefy@mtv.com,575,0 Dahle Road
Humbert Guitte,hguittefz@ibm.com,576,9678 Barby Alley
Noella Axel,naxelg0@ezinearticles.com,577,592 Quincy Alley
Gladi Rossin,grossing1@github.io,578,81 Bartillon Street
Mehetabel Humbatch,mhumbatchg2@odnoklassniki.ru,579,9563 Paget Street
Alma Enright,aenrightg3@cdc.gov,580,105 Prairieview Park
Vivianna Piff,vpiffg4@wikia.com,581,3 Melody Parkway
Constance Ingham,cinghamg5@networkadvertising.org,582,291 Fairview Avenue
Bette Meecher,bmeecherg6@macromedia.com,583,90037 Northridge Trail
Larine Worsall,lworsallg7@tiny.cc,584,8 Di Loreto Avenue
Vlad Ruggs,vruggsg8@gnu.org,585,2 Spaight Hill
Kenyon Olenchenko,kolenchenkog9@t-online.de,586,74 Kropf Center
Kelcey Tomkies,ktomkiesga@facebook.com,587,7 Mcguire Place
Darelle Gronou,dgronougb@ihg.com,588,970 Reindahl Plaza
Matias Cowope,mcowopegc@samsung.com,589,0556 Cottonwood Park
Dannie Wagg,dwagggd@washington.edu,590,4 Center Trail
Wanda Mueller,wmuellerge@ovh.net,591,2 Service Hill
Netti Vesque,nvesquegf@wufoo.com,592,14250 Center Trail
Alameda Pecey,apeceygg@is.gd,593,965 Graedel Road
Ara Panswick,apanswickgh@geocities.com,594,7 Thompson Drive
Israel Sinnocke,isinnockegi@go.com,595,6 Wayridge Lane
Willis Adrain,wadraingj@hexun.com,596,94358 Randy Way
Aymer Hammond,ahammondgk@marketwatch.com,597,96 Pine View Drive
Christiano Tift,ctiftgl@hubpages.com,598,9505 Sutherland Center
Dore Picknett,dpicknettgm@4shared.com,599,8 Nobel Avenue
Simone Somes,ssomesgn@slashdot.org,600,7 2nd Parkway
Olympia Pierson,opiersongo@businessweek.com,601,81 Crest Line Terrace
Sarene Paslow,spaslowgp@bloglines.com,602,5064 Sycamore Junction
Elna McBratney,emcbratneygq@alexa.com,603,7 Amoth Center
Juline Debrick,jdebrickgr@soup.io,604,798 Carberry Lane
Gaylord Orrey,gorreygs@oakley.com,605,36407 New Castle Point
Jo-anne Waszczyk,jwaszczykgt@unblog.fr,606,3148 Fuller Pass
Pearle Prawle,pprawlegu@tinypic.com,607,78659 David Parkway
Duffy Rummer,drummergv@digg.com,608,7585 Leroy Hill
Phebe Balden,pbaldengw@go.com,609,134 Laurel Junction
Seymour Trotter,strottergx@apache.org,610,80 Harbort Point
Skippie Zellick,szellickgy@telegraph.co.uk,611,32375 Moose Point
Davon Speares,dspearesgz@1688.com,612,01749 Haas Trail
Alexi Dunk,adunkh0@aboutads.info,613,1 Goodland Parkway
Kinnie McCorley,kmccorleyh1@archive.org,614,83 Clyde Gallagher Street
Margarethe Kendrew,mkendrewh2@mtv.com,615,443 Doe Crossing Street
Dick Hawthorne,dhawthorneh3@ucoz.ru,616,666 Hayes Pass
Pierette Broderick,pbroderickh4@creativecommons.org,617,65 Loeprich Drive
Lacey Calderonello,lcalderonelloh5@mtv.com,618,6333 Tomscot Trail
Darwin Owens,dowensh6@gmpg.org,619,05458 Lakeland Street
Drud Brimmicombe,dbrimmicombeh7@whitehouse.gov,620,7015 Thierer Point
Enrika Clowes,eclowesh8@macromedia.com,621,6934 Eastlawn Trail
Hebert Medcraft,hmedcrafth9@hibu.com,622,46 Trailsway Point
Jacqui Wiersma,jwiersmaha@icq.com,623,0 Lake View Place
Corena Edy,cedyhb@youtube.com,624,129 Merry Avenue
Susanne Dunseath,sdunseathhc@i2i.jp,625,036 Stone Corner Junction
Scarface Machin,smachinhd@theguardian.com,626,36507 Pennsylvania Road
Gayle Trubshawe,gtrubshawehe@hp.com,627,7 Ruskin Alley
Paul Karolovsky,pkarolovskyhf@merriam-webster.com,628,23 Meadow Valley Place
Nissie Sloley,nsloleyhg@123-reg.co.uk,629,94554 Meadow Ridge Point
Elana Polotti,epolottihh@amazon.co.uk,630,12405 Granby Plaza
Derwin Widdecombe,dwiddecombehi@github.io,631,619 Bunker Hill Pass
Elmira Olpin,eolpinhj@unicef.org,632,38408 Forster Avenue
Raleigh Gunning,rgunninghk@tinypic.com,633,89 Oneill Parkway
Sioux Grinnov,sgrinnovhl@e-recht24.de,634,41564 Hayes Point
Mordecai Flute,mflutehm@arstechnica.com,635,23680 Heath Road
Ringo Alcock,ralcockhn@weather.com,636,9659 Jana Way
Silvano Regardsoe,sregardsoeho@senate.gov,637,4 Carberry Park
Tildi Conkay,tconkayhp@sohu.com,638,6625 Nancy Drive
Cloe Dawtrey,cdawtreyhq@blog.com,639,22751 Sachtjen Parkway
Goldy Starmont,gstarmonthr@sphinn.com,640,039 Mayfield Place
Buffy McRitchie,bmcritchiehs@hexun.com,641,5120 Schlimgen Circle
Jimmy Booy,jbooyht@lycos.com,642,592 Lake View Lane
Leora Larn,llarnhu@cisco.com,643,430 Utah Hill
Van Mouget,vmougethv@prnewswire.com,644,5 Barby Plaza
Rowland Rabbet,rrabbethw@github.com,645,69969 Heffernan Junction
Griffith Goldes,ggoldeshx@wired.com,646,49575 Brickson Park Drive
Thorpe Judson,tjudsonhy@imageshack.us,647,3001 Spohn Trail
Ashbey Pawnsford,apawnsfordhz@kickstarter.com,648,80031 Sundown Hill
Eddie Brayley,ebrayleyi0@senate.gov,649,1 Commercial Street
Celene Courtes,ccourtesi1@ox.ac.uk,650,94088 Dottie Terrace
Yolande Grimolbie,ygrimolbiei2@google.com.hk,651,52807 Burning Wood Parkway
Conny Whiffin,cwhiffini3@adobe.com,652,408 Debra Way
Arny Whyberd,awhyberdi4@1688.com,653,16930 Graceland Point
Mia Cisland,mcislandi5@reuters.com,654,0 Gerald Point
Caprice Stuehmeier,cstuehmeieri6@angelfire.com,655,0603 Muir Junction
John Battram,jbattrami7@reference.com,656,84 Village Green Way
Carlo Merkel,cmerkeli8@arizona.edu,657,17538 Service Alley
Jimmy Kingdon,jkingdoni9@1688.com,658,33 Ilene Way
Lemmy Mixture,lmixtureia@craigslist.org,659,881 Sundown Circle
Desmund Linthead,dlintheadib@yandex.ru,660,54228 Village Green Lane
Cecilius Filipson,cfilipsonic@earthlink.net,661,146 Jay Park
Myrah Olifaunt,molifauntid@etsy.com,662,9611 Elka Terrace
Katerine MacMickan,kmacmickanie@businesswire.com,663,091 Linden Terrace
Karlotta Twinn,ktwinnif@microsoft.com,664,05536 Ridgeview Lane
Cicily Aguirrezabal,caguirrezabalig@squarespace.com,665,57 Grayhawk Way
Sandy Cranage,scranageih@sogou.com,666,093 Chinook Park
Inez Joney,ijoneyii@exblog.jp,667,83 Memorial Circle
Dottie Cressingham,dcressinghamij@ftc.gov,668,5 Scofield Lane
Cilka Ronci,cronciik@twitpic.com,669,3 Porter Center
Minny Saville,msavilleil@marketwatch.com,670,668 Esch Center
Bax Gault,bgaultim@over-blog.com,671,459 Pierstorff Place
Carita Figgins,cfigginsin@wordpress.org,672,71769 Gateway Terrace
Kalinda Batie,kbatieio@prnewswire.com,673,8 Sage Point
Donal Sandes,dsandesip@omniture.com,674,10023 Mayer Alley
Jefferey Moen,jmoeniq@umn.edu,675,46057 Badeau Way
Lane Suett,lsuettir@shinystat.com,676,0 Briar Crest Road
Donall Nelle,dnelleis@bbc.co.uk,677,6 Lakewood Gardens Hill
Cosme O'Regan,coreganit@dell.com,678,63393 Gerald Way
Abigael Harral,aharraliu@ameblo.jp,679,09 Algoma Lane
Shandie Galey,sgaleyiv@blogger.com,680,05 Del Mar Pass
Harriot Jobin,hjobiniw@geocities.jp,681,7 Calypso Alley
Kalinda Raper,kraperix@bing.com,682,2313 Marquette Park
Alick Meadowcraft,ameadowcraftiy@marriott.com,683,703 Chinook Alley
Lucien Fellman,lfellmaniz@creativecommons.org,684,95174 Grover Junction
Pincus Brotherheed,pbrotherheedj0@domainmarket.com,685,6457 Sundown Crossing
Lars Oiller,loillerj1@yolasite.com,686,8 Saint Paul Point
Winston Humpage,whumpagej2@tripod.com,687,169 Dunning Court
Peggy Powlett,ppowlettj3@google.fr,688,91 Thompson Avenue
Olin Bew,obewj4@ycombinator.com,689,8642 Beilfuss Court
Zarla Feldstern,zfeldsternj5@umn.edu,690,23096 Michigan Trail
Kenny Johnigan,kjohniganj6@discovery.com,691,865 Drewry Drive
Johnath Crooke,jcrookej7@usatoday.com,692,40 Hayes Center
Rafaelita Hadfield,rhadfieldj8@va.gov,693,05788 Old Shore Park
Aggy Mariolle,amariollej9@intel.com,694,622 Schmedeman Junction
Reggi Craydon,rcraydonja@ezinearticles.com,695,57 Lunder Avenue
Meggie Joskowicz,mjoskowiczjb@google.ca,696,351 Schlimgen Hill
Dacey Giacobini,dgiacobinijc@thetimes.co.uk,697,4989 Hollow Ridge Crossing
Tore Dutteridge,tdutteridgejd@accuweather.com,698,0 David Street
Devora Vondrach,dvondrachje@illinois.edu,699,69 Commercial Center
Ramona Oakenfull,roakenfulljf@icq.com,700,74724 Jenifer Avenue
Leoline Bulluck,lbulluckjg@yahoo.co.jp,701,23 Golf Course Pass
Courtney Cullimore,ccullimorejh@technorati.com,702,1906 Daystar Hill
Simeon Adriaens,sadriaensji@tumblr.com,703,475 Harbort Park
Bette Andrejs,bandrejsjj@barnesandnoble.com,704,3 Artisan Alley
Amalita Scoffham,ascoffhamjk@mysql.com,705,24367 Knutson Center
Arv Pavlovic,apavlovicjl@devhub.com,706,4585 Cottonwood Terrace
Alvy Barrabeale,abarrabealejm@jugem.jp,707,32583 Vernon Circle
Gabriela Dudin,gdudinjn@deviantart.com,708,001 Moland Lane
Emma Mostin,emostinjo@technorati.com,709,99725 Washington Circle
Guilbert Gergler,ggerglerjp@guardian.co.uk,710,6 Sunbrook Alley
Karie Watkiss,kwatkissjq@hp.com,711,70 Aberg Drive
Renaldo Guilliland,rguillilandjr@hhs.gov,712,73 Marquette Place
Melloney Wyvill,mwyvilljs@wufoo.com,713,5 Kingsford Road
Tildi Minkin,tminkinjt@newsvine.com,714,36378 Oak Street
Frances Busfield,fbusfieldju@wiley.com,715,972 Anthes Lane
Reidar Edinburgh,redinburghjv@w3.org,716,75771 Graceland Lane
Chan Chessil,cchessiljw@answers.com,717,25 Toban Place
Corinne Scutt,cscuttjx@networksolutions.com,718,75341 Pawling Center
Hannie Gilroy,hgilroyjy@odnoklassniki.ru,719,45560 Sage Hill
Alexandrina Bunton,abuntonjz@drupal.org,720,58 Ridgeway Street
Amberly Wheatcroft,awheatcroftk0@etsy.com,721,720 Petterle Plaza
Rozanne Raffan,rraffank1@simplemachines.org,722,2609 Ramsey Plaza
Baird Sybbe,bsybbek2@geocities.jp,723,2 Thierer Park
Elianore Pasfield,epasfieldk3@t.co,724,27409 Scofield Place
Katya Glendza,kglendzak4@bravesites.com,725,71 Sachs Avenue
Owen Cray,ocrayk5@mlb.com,726,15 Russell Pass
Rani Burkin,rburkink6@bloglovin.com,727,15 Continental Junction
Cathe Gratland,cgratlandk7@ocn.ne.jp,728,74 Karstens Parkway
Washington Coronas,wcoronask8@huffingtonpost.com,729,307 Clove Terrace
Morry Whytock,mwhytockk9@ucsd.edu,730,7931 Gerald Junction
Early Jozwik,ejozwikka@diigo.com,731,934 Hazelcrest Parkway
Any Escoffier,aescoffierkb@google.co.jp,732,8580 Messerschmidt Road
Nata Bracegirdle,nbracegirdlekc@sbwire.com,733,54 Towne Junction
Mady Padell,mpadellkd@boston.com,734,57 Anderson Junction
Ronnica Martindale,rmartindaleke@irs.gov,735,3346 Westerfield Way
Lorinda Hofer,lhoferkf@harvard.edu,736,0760 Waxwing Junction
Enrica Upham,euphamkg@miitbeian.gov.cn,737,1160 Di Loreto Pass
Kipper Halksworth,khalksworthkh@csmonitor.com,738,59160 Crest Line Trail
Aubert Gilhool,agilhoolki@cpanel.net,739,665 Summit Street
Renelle O'Towey,rotoweykj@free.fr,740,669 Swallow Pass
Waldemar Maciunas,wmaciunaskk@auda.org.au,741,8544 Loftsgordon Alley
Fannie Acutt,facuttkl@google.fr,742,21 Fremont Junction
Natty Lyttle,nlyttlekm@wiley.com,743,3 Sutherland Junction
Hurley Clayfield,hclayfieldkn@t.co,744,9582 Elgar Point
Ambur Geeves,ageevesko@nih.gov,745,6 Magdeline Court
Samara Saphir,ssaphirkp@bizjournals.com,746,8 Scoville Point
Doris Colomb,dcolombkq@google.co.uk,747,0 Boyd Junction
Cassandre Shoebotham,cshoebothamkr@linkedin.com,748,7 Springview Road
Ellis Bernet,ebernetks@ucoz.ru,749,0 Arizona Terrace
Neville Richten,nrichtenkt@ovh.net,750,1 Westport Center
Beatrisa Babbe,bbabbeku@walmart.com,751,878 Jana Road
Bridie Schoenrock,bschoenrockkv@aboutads.info,752,642 Pearson Street
Jerrold Loudiane,jloudianekw@google.cn,753,7 Fulton Center
Elyn Plover,eploverkx@wired.com,754,355 Pawling Circle
Gunner Hunting,ghuntingky@sfgate.com,755,1291 Mariners Cove Park
Meredithe Moneti,mmonetikz@artisteer.com,756,0523 Menomonie Junction
Lulita Cradduck,lcradduckl0@clickbank.net,757,66674 Arkansas Pass
Mikael Farrent,mfarrentl1@jalbum.net,758,261 Bunker Hill Circle
Gerrie Heineke,gheinekel2@springer.com,759,781 Kenwood Circle
Brooks Kierans,bkieransl3@comcast.net,760,1 Larry Court
Bili Beavers,bbeaversl4@is.gd,761,68 Lakewood Gardens Terrace
Bendicty Klesel,bklesell5@github.io,762,05846 Banding Avenue
Fidole Wildin,fwildinl6@miitbeian.gov.cn,763,2927 Dryden Circle
Kort Ferrieroi,kferrieroil7@nhs.uk,764,739 Doe Crossing Drive
Jule Sweed,jsweedl8@mail.ru,765,8738 Mayer Street
Andras Da Costa,adal9@cafepress.com,766,26 Annamark Court
Bibby Butson,bbutsonla@archive.org,767,52036 Melby Plaza
Evvie Castelluzzi,ecastelluzzilb@themeforest.net,768,7905 Southridge Drive
Denyse Howle,dhowlelc@google.co.uk,769,97344 Arrowood Road
Alec Izakson,aizaksonld@webs.com,770,674 Hollow Ridge Court
Rockwell Jaze,rjazele@noaa.gov,771,112 Northland Junction
Terencio Lamport,tlamportlf@joomla.org,772,635 Barnett Hill
Dusty Haddleton,dhaddletonlg@dailymail.co.uk,773,7 Sachs Plaza
Hodge Breward,hbrewardlh@salon.com,774,433 Bartillon Avenue
Leonie Barefoot,lbarefootli@etsy.com,775,504 Green Ridge Place
Dotty Towe,dtowelj@flickr.com,776,0899 Hooker Pass
Launce Leyrroyd,lleyrroydlk@liveinternet.ru,777,883 Troy Park
Felic von Grollmann,fvonll@xinhuanet.com,778,65 Westend Park
Romola Gritton,rgrittonlm@tinyurl.com,779,82906 Monica Point
Marita Silvester,msilvesterln@linkedin.com,780,9217 Brickson Park Pass
Sephira O'Sheilds,sosheildslo@prnewswire.com,781,0 Hazelcrest Center
Meggy Inglesant,minglesantlp@nydailynews.com,782,9 Onsgard Avenue
Ashil Ewell,aewelllq@vimeo.com,783,8 Bunker Hill Drive
Egbert Perschke,eperschkelr@chronoengine.com,784,1463 Bonner Alley
Husain Payley,hpayleyls@marketwatch.com,785,84 Stang Crossing
Othello Gilluley,ogilluleylt@e-recht24.de,786,7 Hudson Way
Orville Pittoli,opittolilu@zimbio.com,787,9563 Kim Way
Roberta Grabham,rgrabhamlv@gizmodo.com,788,30683 Sunbrook Place
Nanon Simeoni,nsimeonilw@google.pl,789,37 Barnett Street
Muire Jakubovski,mjakubovskilx@digg.com,790,0052 Ridgeway Trail
Olwen Dady,odadyly@surveymonkey.com,791,41 Milwaukee Alley
Winny Bengefield,wbengefieldlz@patch.com,792,571 Coolidge Circle
Jodee Hafner,jhafnerm0@cyberchimps.com,793,8279 Sherman Center
Cullie Thornewell,cthornewellm1@buzzfeed.com,794,2 Summerview Trail
Roi Wolledge,rwolledgem2@icq.com,795,56 Sage Crossing
Emelda Parbrook,eparbrookm3@t-online.de,796,02419 Eliot Court
Bibi Raw,brawm4@berkeley.edu,797,56 Jenifer Place
Jaquith Do Rosario,jdom5@com.com,798,7215 2nd Place
Caspar Steutly,csteutlym6@discuz.net,799,5836 Novick Terrace
Renata Girodias,rgirodiasm7@baidu.com,800,9 Sullivan Plaza
Morgen Sawley,msawleym8@soundcloud.com,801,326 Bonner Crossing
Meggie Puffett,mpuffettm9@phpbb.com,802,6 Barby Parkway
Cornall Symcoxe,csymcoxema@over-blog.com,803,896 Northland Hill
Eddy Brogden,ebrogdenmb@timesonline.co.uk,804,4441 Gina Alley
Hobard Skoughman,hskoughmanmc@hhs.gov,805,8 Longview Terrace
Raymund Clubbe,rclubbemd@google.com.hk,806,0 Scoville Plaza
Riva Opfer,ropferme@jalbum.net,807,8735 Ramsey Park
Tildie Falconbridge,tfalconbridgemf@hibu.com,808,176 Springs Junction
Dwayne Pollastro,dpollastromg@state.gov,809,001 Village Green Pass
Ruperto Rogez,rrogezmh@who.int,810,4 Jenifer Hill
Harli Augustine,haugustinemi@ehow.com,811,2506 Birchwood Lane
Ignazio McOmish,imcomishmj@fda.gov,812,552 Amoth Drive
Pooh Levin,plevinmk@1688.com,813,4393 Nelson Pass
Lezlie Bartholomew,lbartholomewml@4shared.com,814,13 Garrison Parkway
Ardella Espinas,aespinasmm@livejournal.com,815,9223 Arapahoe Alley
Darrick Timny,dtimnymn@biblegateway.com,816,068 Sullivan Place
Paddy Venditto,pvendittomo@php.net,817,88033 Lukken Plaza
Shanie Conrath,sconrathmp@seesaa.net,818,8769 Harbort Crossing
Ashleigh Spight,aspightmq@msu.edu,819,20316 Sunfield Road
Adamo Halloran,ahalloranmr@columbia.edu,820,0192 Glacier Hill Plaza
Pryce Zannutti,pzannuttims@tmall.com,821,5697 Tomscot Avenue
Anastasie McClay,amcclaymt@amazon.co.uk,822,4 Esch Lane
Phillipe Penticost,ppenticostmu@upenn.edu,823,63363 Melvin Drive
Livia Kiehnlt,lkiehnltmv@bizjournals.com,824,47993 Clarendon Lane
Ashely Voice,avoicemw@wordpress.org,825,6 Mcguire Avenue
Saraann Greenslade,sgreenslademx@ibm.com,826,2359 Delladonna Center
Colas Broz,cbrozmy@abc.net.au,827,18 Mosinee Place
Burton Ramsey,bramseymz@nydailynews.com,828,246 Loeprich Avenue
Akim Cussons,acussonsn0@hp.com,829,1 Walton Road
Trent Beard,tbeardn1@merriam-webster.com,830,328 Packers Circle
Brear Trimmill,btrimmilln2@weebly.com,831,5 Gerald Hill
Theda Prestner,tprestnern3@google.es,832,6403 Sutteridge Parkway
Barbi Philpott,bphilpottn4@abc.net.au,833,69429 Spenser Junction
Bobette Priddie,bpriddien5@shinystat.com,834,5304 Buena Vista Park
Lora Siley,lsileyn6@cargocollective.com,835,48 Forest Run Center
Sibbie Chadwell,schadwelln7@free.fr,836,74972 Center Point
Andree Hoult,ahoultn8@abc.net.au,837,1 Lake View Center
Ninon Budgeon,nbudgeonn9@is.gd,838,2 Pepper Wood Avenue
Vikky Russen,vrussenna@ebay.com,839,4946 Spaight Crossing
Mischa Severy,mseverynb@msn.com,840,71126 Union Junction
Cate Schwandner,cschwandnernc@who.int,841,2260 Loeprich Point
Camille Rassell,crassellnd@themeforest.net,842,124 Magdeline Circle
Ravi Oldred,roldredne@163.com,843,462 Bunker Hill Drive
Cathyleen Lamport,clamportnf@economist.com,844,6789 Victoria Drive
Prent Prott,pprottng@statcounter.com,845,16431 Morrow Place
Man Hayselden,mhayseldennh@boston.com,846,6 Vermont Trail
Crin Coatham,ccoathamni@shop-pro.jp,847,022 Briar Crest Alley
Aimee Brydone,abrydonenj@woothemes.com,848,22154 Carey Drive
Emmalynn Prawle,eprawlenk@apache.org,849,1783 Butternut Center
Kaycee Billin,kbillinnl@mediafire.com,850,2964 Grayhawk Plaza
Codee Eastcourt,ceastcourtnm@usa.gov,851,4989 Dawn Trail
Kile Jarlmann,kjarlmannnn@cafepress.com,852,533 Maywood Junction
Gannon Spriggs,gspriggsno@cornell.edu,853,92901 Saint Paul Park
Lodovico Server,lservernp@weebly.com,854,7114 Maryland Lane
Cassandre Wagenen,cwagenennq@amazon.com,855,05729 Schlimgen Alley
Ardisj Yardley,ayardleynr@bravesites.com,856,025 Kropf Park
Zechariah Wegman,zwegmanns@adobe.com,857,03416 Northview Hill
Tedra Tuite,ttuitent@ask.com,858,38 Florence Trail
Fae Moran,fmorannu@auda.org.au,859,500 Florence Alley
Marshall Tremmil,mtremmilnv@slashdot.org,860,86609 Veith Terrace
Brander Dunkirk,bdunkirknw@dropbox.com,861,3 Melvin Road
Egbert Rominov,erominovnx@toplist.cz,862,84 Delladonna Place
Suzy Billie,sbillieny@amazon.de,863,992 Holmberg Way
Jacquelyn Willmore,jwillmorenz@prlog.org,864,85175 Blue Bill Park Court
Neda Girardet,ngirardeto0@photobucket.com,865,19 Iowa Lane
Loretta Danton,ldantono1@google.cn,866,2 Bluejay Center
Julie Pardon,jpardono2@last.fm,867,2114 Elgar Parkway
Valle Mitford,vmitfordo3@hugedomains.com,868,16 Oakridge Circle
Granthem Upton,guptono4@google.com.br,869,16317 Norway Maple Crossing
Priscilla Pressman,ppressmano5@nationalgeographic.com,870,6386 Clemons Center
Arleta Wiggans,awigganso6@google.pl,871,643 Green Ridge Avenue
Nevsa Klauer,nklauero7@woothemes.com,872,5 Loomis Hill
Trevor Pizey,tpizeyo8@imdb.com,873,55 Westport Circle
Freddie McAlpine,fmcalpineo9@pagesperso-orange.fr,874,09560 Sheridan Trail
Latisha Cubbini,lcubbinioa@people.com.cn,875,022 Gerald Crossing
Raeann Huscroft,rhuscroftob@un.org,876,93612 Corscot Parkway
Winfred Beining,wbeiningoc@tiny.cc,877,5701 Emmet Pass
Kaleena Doggerell,kdoggerellod@java.com,878,23 Melody Point
Georgie Kindon,gkindonoe@ebay.com,879,3784 Bobwhite Parkway
Helaine Ullyott,hullyottof@elegantthemes.com,880,730 6th Parkway
Quintus Ferrarini,qferrariniog@psu.edu,881,9 Welch Avenue
Desmund Harriagn,dharriagnoh@amazon.co.jp,882,32053 Knutson Terrace
Susette Sorton,ssortonoi@cdc.gov,883,306 Welch Avenue
Willow Malim,wmalimoj@taobao.com,884,694 Bellgrove Hill
Gennifer Diwell,gdiwellok@addtoany.com,885,90 Haas Parkway
Jolene Dines,jdinesol@ow.ly,886,8 Mockingbird Way
Kariotta Liley,klileyom@timesonline.co.uk,887,2336 Aberg Crossing
Dun Petford,dpetfordon@reuters.com,888,4935 Coleman Point
Dorri Chasson,dchassonoo@craigslist.org,889,16 Debra Park
Deva Cranage,dcranageop@utexas.edu,890,402 Corben Parkway
Jody Boynes,jboynesoq@exblog.jp,891,993 Fulton Avenue
Tova Strand,tstrandor@lycos.com,892,52642 Autumn Leaf Avenue
Chlo Weston,cwestonos@youtu.be,893,231 Lake View Point
West Abrey,wabreyot@google.co.uk,894,56352 Toban Pass
Dallis Conisbee,dconisbeeou@mysql.com,895,0 Russell Pass
Therese Lello,tlelloov@4shared.com,896,48 8th Center
Loralie Patry,lpatryow@jiathis.com,897,6792 Acker Center
Marcelle Carlton,mcarltonox@51.la,898,3 Main Place
Selie MacNish,smacnishoy@washington.edu,899,88333 Huxley Road
Roma Hedgeman,rhedgemanoz@archive.org,900,19462 Huxley Court
Grace Harrold,gharroldp0@miitbeian.gov.cn,901,04 Spohn Alley
Florella Swains,fswainsp1@statcounter.com,902,8545 Fremont Center
Christabel Bwy,cbwyp2@vistaprint.com,903,2976 Stoughton Way
Cassondra Vokins,cvokinsp3@addtoany.com,904,78 Farmco Crossing
Gelya Shynn,gshynnp4@sitemeter.com,905,3 Stuart Park
Stephenie Grouer,sgrouerp5@unicef.org,906,39 Commercial Pass
Gloriane O'Murtagh,gomurtaghp6@storify.com,907,2283 Little Fleur Circle
Bay Klagges,bklaggesp7@newsvine.com,908,9580 Towne Way
Lulita Kliche,lklichep8@facebook.com,909,99 Sloan Court
Evy Gilloran,egilloranp9@aboutads.info,910,71077 Upham Lane
Tamarah Scargill,tscargillpa@digg.com,911,571 Moland Court
Trista McClunaghan,tmcclunaghanpb@pagesperso-orange.fr,912,71 Eagle Crest Center
Phelia Borwick,pborwickpc@springer.com,913,354 Florence Street
Martainn Bernardon,mbernardonpd@blogger.com,914,1 Truax Drive
Brina Reddoch,breddochpe@thetimes.co.uk,915,58 Goodland Street
Florenza Darte,fdartepf@sakura.ne.jp,916,94 Forster Street
Garrik Eicheler,geichelerpg@ucla.edu,917,533 Meadow Vale Junction
Rutledge Ruzek,rruzekph@pagesperso-orange.fr,918,7387 Tennessee Circle
Ronica Bryett,rbryettpi@tiny.cc,919,3 Forest Dale Crossing
Elnore Cornilleau,ecornilleaupj@lycos.com,920,294 Duke Alley
Stanislaus Bodycote,sbodycotepk@wikispaces.com,921,6214 Union Trail
Olivier Wemyss,owemysspl@youtube.com,922,06699 Dennis Road
Maddi Hefford,mheffordpm@usa.gov,923,60931 Rockefeller Drive
Morten O' Driscoll,mopn@google.pl,924,67428 Di Loreto Avenue
Rene Byer,rbyerpo@topsy.com,925,31 Judy Alley
Reagan Caird,rcairdpp@reuters.com,926,28041 Gulseth Street
Delmar Martt,dmarttpq@clickbank.net,927,4347 Warrior Road
Hi Robecon,hrobeconpr@domainmarket.com,928,4 Lyons Park
Rodolph Tutchell,rtutchellps@yellowbook.com,929,6580 Northview Center
Lyn Longstreet,llongstreetpt@wisc.edu,930,1 Becker Circle
Karalynn Harteley,kharteleypu@google.co.uk,931,89838 Farragut Crossing
Bard Lax,blaxpv@wp.com,932,10586 Ridgeview Junction
Leoine Livard,llivardpw@is.gd,933,82435 Thackeray Way
Nathanil Laister,nlaisterpx@flavors.me,934,983 Hollow Ridge Point
Ferrell Nel,fnelpy@naver.com,935,682 Rusk Center
Niel Shirlaw,nshirlawpz@smh.com.au,936,66 Schurz Junction
Base Terbrugge,bterbruggeq0@abc.net.au,937,4920 Fieldstone Parkway
Caren Thalmann,cthalmannq1@ow.ly,938,3 4th Drive
Fanchette Shannon,fshannonq2@wix.com,939,22515 Granby Drive
Reginald Train,rtrainq3@craigslist.org,940,2147 Monica Hill
Allina Lebrun,alebrunq4@umn.edu,941,14 Raven Park
Kelsey Sheffield,ksheffieldq5@newsvine.com,942,37151 Mandrake Center
Winnifred Vesque,wvesqueq6@addtoany.com,943,6466 Linden Terrace
Pall Astin,pastinq7@psu.edu,944,966 Service Place
Martainn McPhelim,mmcphelimq8@intel.com,945,0 Prentice Plaza
Jacki Rendell,jrendellq9@samsung.com,946,286 Burning Wood Park
Collin Cavet,ccavetqa@bbb.org,947,063 Lunder Alley
Izaak Hamp,ihampqb@mysql.com,948,57226 Jay Crossing
Neda McMeekan,nmcmeekanqc@nyu.edu,949,5474 Debs Point
Thorstein Brantl,tbrantlqd@gmpg.org,950,00256 Sloan Road
Howard Lovat,hlovatqe@salon.com,951,75 Division Way
Tory Robion,trobionqf@toplist.cz,952,6176 Fisk Trail
Marina Ivanov,mivanovqg@linkedin.com,953,28150 Clyde Gallagher Circle
Heda Crumb,hcrumbqh@businesswire.com,954,8 Graedel Avenue
Svend Valance,svalanceqi@admin.ch,955,798 Blaine Plaza
Abey Borges,aborgesqj@flickr.com,956,3 Vahlen Court
Jaime Panting,jpantingqk@woothemes.com,957,9 Green Lane
Kilian Hansod,khansodql@over-blog.com,958,5000 Darwin Avenue
Emelda Kirtlan,ekirtlanqm@umn.edu,959,40 Hermina Street
Carmine Vanin,cvaninqn@google.pl,960,1686 Hayes Junction
Pavlov Krook,pkrookqo@dropbox.com,961,28 Little Fleur Point
Corene Kindred,ckindredqp@yandex.ru,962,5 Mayfield Avenue
Zora Patshull,zpatshullqq@vk.com,963,0014 Laurel Street
Camille Sylvester,csylvesterqr@free.fr,964,269 North Court
Georgetta Tofanini,gtofaniniqs@wiley.com,965,7989 Sutherland Circle
Sherry Toplin,stoplinqt@arstechnica.com,966,88 Homewood Circle
Isabelita Jankin,ijankinqu@typepad.com,967,51095 Boyd Circle
Sella Weaben,sweabenqv@goodreads.com,968,85 Northview Junction
Nowell Cocke,ncockeqw@jimdo.com,969,66 Erie Plaza
Hendrick Barme,hbarmeqx@virginia.edu,970,426 Utah Park
Arturo Seemmonds,aseemmondsqy@woothemes.com,971,11 Westerfield Drive
Bill Dimsdale,bdimsdaleqz@parallels.com,972,25 Pleasure Avenue
Levy Fidelli,lfidellir0@weather.com,973,112 Michigan Center
Masha Bingham,mbinghamr1@cdbaby.com,974,33435 Eagle Crest Avenue
Garreth Lamplough,glamploughr2@paypal.com,975,4 Muir Hill
Moira Leckenby,mleckenbyr3@nasa.gov,976,10213 Ridge Oak Plaza
Kean Willson,kwillsonr4@wisc.edu,977,66 Fisk Drive
Kalli Whitelock,kwhitelockr5@sbwire.com,978,8 Lukken Junction
Iggy Boik,iboikr6@ocn.ne.jp,979,722 Arizona Point
Munroe Winfrey,mwinfreyr7@army.mil,980,67548 Judy Pass
Brigitte Giacomasso,bgiacomassor8@toplist.cz,981,7497 Northwestern Pass
Martina Garnsey,mgarnseyr9@t.co,982,952 Montana Parkway
Corrinne Measham,cmeashamra@wunderground.com,983,0 Grayhawk Court
Osmond Grimble,ogrimblerb@dot.gov,984,6 Erie Lane
Harlan Jeandin,hjeandinrc@tripod.com,985,09 East Avenue
Clotilda Jakeman,cjakemanrd@ocn.ne.jp,986,0 Thompson Parkway
Calla McGraith,cmcgraithre@freewebs.com,987,65917 Northview Park
Gavin Bundey,gbundeyrf@dailymotion.com,988,9102 Algoma Circle
Elora Hanton,ehantonrg@theatlantic.com,989,0 8th Alley
Gregory Whellams,gwhellamsrh@zdnet.com,990,1990 Knutson Crossing
Anallese Sapauton,asapautonri@theguardian.com,991,7305 Emmet Hill
Sancho Bendon,sbendonrj@imageshack.us,992,48342 Butternut Park
Gerry Jills,gjillsrk@deliciousdays.com,993,924 Pleasure Lane
Perry Lethardy,plethardyrl@senate.gov,994,8 Shasta Circle
Martynne Lodford,mlodfordrm@t.co,995,36 Lakewood Gardens Place
Rhys Benardet,rbenardetrn@guardian.co.uk,996,9295 Nancy Street
Wilek Plane,wplanero@merriam-webster.com,997,1 Bluestem Street
Zea Grzegorzewski,zgrzegorzewskirp@tuttocitta.it,998,724 Burrows Parkway
Norean Cagan,ncaganrq@theguardian.com,999,494 Susan Way
Jodi Merrell,jmerrellrr@sciencedirect.com,1000,60238 Gateway Terrace
